{
    "transform": [
        [
            0.9942807555198669,
            0.1024351641535759,
            0.030212746933102608,
            0.0880047157406807
        ],
        [
            0.030212746933102608,
            -0.5411290526390076,
            0.8403966426849365,
            -0.19924074411392212
        ],
        [
            0.1024351641535759,
            -0.8346773982048035,
            -0.5411290526390076,
            0.207500621676445
        ]
    ],
    "scale": 0.1838811650855231
}